Comparison,Z,P.unadj,P.adj,Comparison,Z,P.unadj,P.adj,Comparison,Z,P.unadj,P.adj,Comparison,Z,P.unadj,P.adj,Comparison,Z,P.unadj,P.adj,Comparison,Z,P.unadj,P.adj,Comparison,Z,P.unadj,P.adj
Lower - Middle,-4.04764033085803,5.1736564414752464e-5,1.552096932442574e-4,Lower - Middle,1.9806023982824834,0.04763587978282043,0.04763587978282043,Lower - Middle,3.8931891523785165,9.893495043800896e-5,1.9786990087601792e-4,Lower - Middle,-0.17601443389235094,0.860282602875841,0.860282602875841,Lower - Middle,3.9021373749816917,9.534701576970791e-5,2.8604104730912375e-4,Lower - Middle,4.987365290016626,6.120826928549537e-7,1.836248078564861e-6,Lower - Middle,2.4702368911425094,0.01350236046387857,0.02700472092775714
Lower - Upper,-0.44759035373958284,0.6544488661402783,0.6544488661402783,Lower - Upper,-3.934659549703969,8.331470862984058e-5,1.6662941725968116e-4,Lower - Upper,0.020290626112062993,0.9838115335280441,0.9838115335280441,Lower - Upper,0.3316402415375668,0.7401609293111244,1,Lower - Upper,0.6313998223100484,0.5277791321736804,0.5277791321736804,Lower - Upper,1.5510275965219875,0.120895070702072,0.120895070702072,Lower - Upper,3.748133771813577,1.7815523348286853e-4,5.344657004486056e-4
Middle - Upper,3.844107494717926,1.2099196592004324e-4,2.419839318400865e-4,Middle - Upper,-4.565786719064597,4.97624520082483e-6,1.492873560247449e-5,Middle - Upper,-3.9625736303907844,7.414612921518767e-5,2.22438387645563e-4,Middle - Upper,0.3941039155146869,0.6935043203125586,1,Middle - Upper,-3.5767137922817245,3.479407662009243e-4,6.958815324018486e-4,Middle - Upper,-4.090526167674995,4.30395645173444e-5,8.60791290346888e-5,Middle - Upper,-0.09993230502033335,0.9203980690170694,0.9203980690170694
